1,google.com
2,facebook.com
3,amazonaws.com
4,a-msedge.net
5,microsoft.com
6,googleapis.com
7,apple.com
8,youtube.com
9,akamaiedge.net
10,akamai.net
11,twitter.com
12,instagram.com
13,googlevideo.com
14,azure.com
15,gstatic.com
16,cloudflare.com
17,linkedin.com
18,live.com
19,tiktokcdn.com
20,office.com
21,doubleclick.net
22,windowsupdate.com
23,akadns.net
24,googletagmanager.com
25,netflix.com
26,apple-dns.net
27,fbcdn.net
28,amazon.com
29,trafficmanager.net
30,microsoftonline.com
31,wikipedia.org
32,bing.com
33,fastly.net
34,icloud.com
35,googleusercontent.com
36,l-msedge.net
37,domaincontrol.com
38,wordpress.org
39,root-servers.net
40,gtld-servers.net
41,youtu.be
42,yahoo.com
43,digicert.com
44,aaplimg.com
45,mail.ru
46,pinterest.com
47,github.com
48,ui.com
49,tiktokv.com
50,t-msedge.net
51,sharepoint.com
52,windows.net
53,nflxso.net
54,adobe.com
55,googlesyndication.com
56,goo.gl
57,cloudfront.net
58,spotify.com
59,wordpress.com
60,vimeo.com
61,google-analytics.com
62,gandi.net
63,s-msedge.net
64,office.net
65,gvt2.com
66,zoom.us
67,msn.com
68,bit.ly
69,skype.com
70,edgekey.net
71,bytefcdn-oversea.com
72,office365.com
73,whatsapp.net
74,yandex.net
75,cloudflare.net
76,whatsapp.com
77,mozilla.org
78,qq.com
79,ntp.org
80,tiktok.com
81,wac-msedge.net
82,roblox.com
83,app-measurement.com
84,blogspot.com
85,intuit.com
86,cloudflare-dns.com
87,googledomains.com
88,ytimg.com
89,outlook.com
90,reddit.com
91,gvt1.com
92,trbcdn.net
93,snapchat.com
94,yandex.ru
95,opera.com
96,cdn77.org
97,europa.eu
98,amazon-adsystem.com
99,epicgames.com
100,pki.goog
101,nic.ru
102,baidu.com
103,macromedia.com
104,dropbox.com
105,adnxs.com
106,tumblr.com
107,netflix.net
108,azureedge.net
109,nih.gov
110,criteo.com
111,ttlivecdn.com
112,b-msedge.net
113,cloudapp.net
114,msedge.net
115,gravatar.com
116,comcast.net
117,lencr.org
118,flickr.com
119,one.one
120,nytimes.com
121,github.io
122,windows.com
123,health.mil
124,msftncsi.com
125,aiv-cdn.net
126,a2z.com
127,akamaized.net
128,bytefcdn-ttpeu.com
129,sentry.io
130,webex.com
131,t.me
132,unity3d.com
133,tiktokcdn-us.com
134,cdninstagram.com
135,registrar-servers.com
136,googleadservices.com
137,samsung.com
138,rubiconproject.com
139,spo-msedge.net
140,ggpht.com
141,edgesuite.net
142,wa.me
143,zemanta.com
144,sberdevices.ru
145,forms.gle
146,omtrdc.net
147,paypal.com
148,apache.org
149,casalemedia.com
150,tds.net
151,rbxcdn.com
152,amazonvideo.com
153,cnn.com
154,facebook-hardware.com
155,wsdvs.com
156,meraki.com
157,appsflyersdk.com
158,soundcloud.com
159,2mdn.net
160,e2ro.com
161,archive.org
162,o365filtering.com
163,nr-data.net
164,miit.gov.cn
165,t.co
166,mozilla.com
167,salesforceliveagent.com
168,medium.com
169,vk.com
170,theguardian.com
171,salesforce.com
172,gmail.com
173,w3.org
174,appsflyer.com
175,pubmatic.com
176,tfbnw.net
177,applovin.com
178,forbes.com
179,mangosip.ru
180,demdex.net
181,worldfcdn2.com
182,taboola.com
183,ebay.com
184,bbc.co.uk
185,azurewebsites.net
186,dns.google
187,rocket-cdn.com
188,rambler.ru
189,dual-s-msedge.net
190,googleblog.com
191,adobe.io
192,akamaihd.net
193,mzstatic.com
194,bbc.com
195,xiaomi.com
196,creativecommons.org
197,abusix.zone
198,myfritz.net
199,sourceforge.net
200,smartadserver.com
201,kaspersky.com
202,sciencedirect.com
203,cisco.com
204,discord.com
205,shifen.com
206,playstation.net
207,imdb.com
208,cdn-apple.com
209,hp.com
210,miui.com
211,mit.edu
212,shopify.com
213,nginx.org
214,userapi.com
215,dnsowl.com
216,twitch.tv
217,slack.com
218,comfortel.pro
219,att.net
220,facebook.net
221,who.int
222,ubuntu.com
223,googletagservices.com
224,cedexis.net
225,scorecardresearch.com
226,openx.net
227,washingtonpost.com
228,edgecdn.ru
229,nginx.com
230,ampproject.org
231,doubleverify.com
232,adsrvr.org
233,wixsite.com
234,go.com
235,amazon.co.uk
236,researchgate.net
237,issuu.com
238,wikimedia.org
239,youtube-nocookie.com
240,msftconnecttest.com
241,b-cdn.net
242,t-mobile.com
243,launchdarkly.com
244,jomodns.com
245,aliyuncs.com
246,android.com
247,mcafee.com
248,aol.com
249,hubspot.com
250,wp.com
251,cdc.gov
252,hipages.com.au
253,dailymail.co.uk
254,tinyurl.com
255,comcast.com
256,azurefd.net
257,opendns.com
258,atomile.com
259,dnsmadeeasy.com
260,amazon.dev
261,dns.cn
262,sc-gw.com
263,booking.com
264,weebly.com
265,reuters.com
266,appcenter.ms
267,safebrowsing.apple
268,harvard.edu
269,oracle.com
270,doi.org
271,360yield.com
272,slideshare.net
273,canva.com
274,rlcdn.com
275,sharethrough.com
276,3lift.com
277,media-amazon.com
278,espn.com
279,force.com
280,bidswitch.net
281,www.gov.uk
282,ibm.com
283,adriver.ru
284,moatads.com
285,roku.com
286,teamviewer.com
287,nist.gov
288,media.net
289,google.de
290,vungle.com
291,weibo.com
292,wildberries.ru
293,google.co.uk
294,grammarly.com
295,indeed.com
296,bloomberg.com
297,etsy.com
298,samsungqbe.com
299,crashlytics.com
300,adsafeprotected.com
301,supersonicads.com
302,steampowered.com
303,dailymotion.com
304,wsj.com
305,wiley.com
306,samsungcloudsolution.com
307,reg.ru
308,elasticbeanstalk.com
309,google.com.br
310,name-services.com
311,ksyuncdn.com
312,nature.com
313,jsdelivr.net
314,quantserve.com
315,dell.com
316,php.net
317,msidentity.com
318,criteo.net
319,weather.com
320,twimg.com
321,stripe.com
322,branch.io
323,un.org
324,cdngslb.com
325,alibabadns.com
326,businessinsider.com
327,datadoghq.com
328,eset.com
329,lijit.com
330,dotomi.com
331,checkpoint.com
332,springer.com
333,yahoo.co.jp
334,quora.com
335,imrworldwide.com
336,godaddy.com
337,mtgglobals.com
338,cnbc.com
339,adobedtm.com
340,list-manage.com
341,drom.ru
342,aws.dev
343,ea.com
344,adform.net
345,outbrain.com
346,id5-sync.com
347,nasa.gov
348,stanford.edu
349,sc-cdn.net
350,unsplash.com
351,mi.com
352,stbid.ru
353,gnu.org
354,bamgrid.com
355,ring.com
356,foxnews.com
357,elisa.fi
358,liadm.com
359,viator.com
360,discord.gg
361,churchcenter.com
362,1c.ru
363,nease.net
364,npr.org
365,stackoverflow.com
366,dzeninfra.ru
367,teads.tv
368,3gppnetwork.org
369,go-mpulse.net
370,sophos.com
371,cpanel.net
372,clarity.ms
373,trendmicro.com
374,eventbrite.com
375,rocket-cdnbp.com
376,xboxlive.com
377,xcal.tv
378,wbx2.com
379,inner-active.mobi
380,pv-cdn.net
381,sohu.com
382,aliexpress.com
383,openai.com
384,amazonalexa.com
385,giphy.com
386,globo.com
387,hicloud.com
388,scdn.co
389,wix.com
390,usatoday.com
391,time.com
392,rackspace.net
393,telegraph.co.uk
394,azure-dns.com
395,ups.com
396,linktr.ee
397,avcdn.net
398,taobao.com
399,goodreads.com
400,alicdn.com
401,walmart.com
402,arubanetworks.com
403,hichina.com
404,hugedomains.com
405,netangels.ru
406,forter.com
407,telecid.ru
408,tradingview.com
409,staples.com
410,g.page
411,mynetname.net
412,sfx.ms
413,statista.com
414,amazon.de
415,blogger.com
416,chinamobile.com
417,badoo.com
418,addtoany.com
419,independent.co.uk
420,hotjar.com
421,pangle.io
422,wired.com
423,duckduckgo.com
424,pixabay.com
425,verkada.com
426,byteoversea.net
427,shipt.com
428,mozilla.net
429,nvidia.com
430,myshopify.com
431,scribd.com
432,bilibili.com
433,online-metrix.net
434,healthline.com
435,surveymonkey.com
436,gamepass.com
437,firetvcaptiveportal.com
438,hostgator.com
439,duckdns.org
440,kwai.net
441,ngenix.net
442,creativecdn.com
443,amzn.to
444,ozon.ru
445,cnet.com
446,speedtest.net
447,avast.com
448,herokudns.com
449,naver.com
450,nflximg.com
451,wal-mart.com
452,ok.ru
453,imgur.com
454,zendesk.com
455,cmediahub.ru
456,beian.gov.cn
457,dzen.ru
458,uber.com
459,rzone.de
460,mayoclinic.org
461,mikrotik.com
462,bitrix24.ru
463,ted.com
464,verisign.com
465,yahoodns.net
466,ft.com
467,adtelligent.com
468,behance.net
469,indiatimes.com
470,xhamster.com
471,alibaba.com
472,samsungcloud.com
473,example.com
474,amazontrust.com
475,cloudflareclient.com
476,entrust.net
477,debian.org
478,imgsmail.ru
479,buzzfeed.com
480,deviantart.com
481,inmobi.com
482,disqus.com
483,mysql.com
484,kaspersky-labs.com
485,consultant.ru
486,google.ca
487,icloud-content.com
488,pandora.com
489,gosuslugi.ru
490,webmd.com
491,mediatek.com
492,worldnic.com
493,rakuten.co.jp
494,google.fr
495,line.me
496,digitalocean.com
497,ttvnw.net
498,amazon.co.jp
499,duolingo.com
500,telegram.me
501,ivi.ru
502,mncdn.com
503,ca.gov
504,dnspod.net
505,ovscdns.com
506,squarespace.com
507,herokuapp.com
508,loc.gov
509,mega.co.nz
510,robinhood.com
511,shutterstock.com
512,berkeley.edu
513,google.es
514,playstation.com
515,nstld.com
516,cbsnews.com
517,google.co.jp
518,marriott.com
519,163.com
520,tripadvisor.com
521,att.com
522,mailchimp.com
523,telefonica.de
524,ai-lawandorder.com
525,google.it
526,goskope.com
527,sina.com.cn
528,yelp.com
529,jquery.com
530,trustpilot.com
531,huawei.com
532,atlassian.com
533,myspace.com
534,livejournal.com
535,braze.com
536,ezvizlife.com
537,fb.com
538,autodesk.com
539,mob.com
540,nelreports.net
541,aboutads.info
542,netease.com
543,onetrust.com
544,free.fr
545,steamcommunity.com
546,latimes.com
547,ikea.com
548,isnssdk.com
549,visualstudio.com
550,tandfonline.com
551,patreon.com
552,theverge.com
553,nest.com
554,launchpad.net
555,mts.ru
556,nintendo.net
557,techcrunch.com
558,byteglb.com
559,igamecj.com
560,grammarly.io
561,conviva.com
562,rncdn7.com
563,noaa.gov
564,oup.com
565,timeweb.ru
566,ietf.org
567,incapdns.net
568,nike.com
569,cornell.edu
570,accuweather.com
571,merriam-webster.com
572,newrelic.com
573,smaato.net
574,freepik.com
575,adobe.net
576,dbankcloud.cn
577,shalltry.com
578,aiv-delivery.net
579,yandex.com
580,google.co.in
581,rackspace.com
582,sorbs.net
583,intel.com
584,licdn.com
585,flashtalking.com
586,crwdcntrl.net
587,qualtrics.com
588,wattpad.com
589,yieldmo.com
590,amplitude.com
591,webrootcloudav.com
592,akam.net
593,pinimg.com
594,optimizely.com
595,qlivecdn.com
596,getpocket.com
597,warnerbros.com
598,agkn.com
599,homedepot.com
600,theatlantic.com
601,huffingtonpost.com
602,fontawesome.com
603,calendly.com
604,mozgcp.net
605,aliyun.com
606,virtualearth.net
607,cookielaw.org
608,dns-parking.com
609,e-msedge.net
610,omnitagjs.com
611,academia.edu
612,bidr.io
613,yahoo.net
614,nbcnews.com
615,riotgames.com
616,prnewswire.com
617,live.net
618,apple.news
619,addthis.com
620,appspot.com
621,rt.ru
622,allawnos.com
623,britannica.com
624,box.com
625,livechatinc.com
626,elpais.com
627,footprintdns.com
628,target.com
629,uol.com.br
630,washington.edu
631,ipify.org
632,life360.com
633,google.com.hk
634,spcsdns.net
635,fandom.com
636,statuspage.io
637,intercom.io
638,online.net
639,fbsbx.com
640,tapad.com
641,cloudns.net
642,hulu.com
643,typekit.net
644,ecdns.net
645,google.pl
646,quantummetric.com
647,stackadapt.com
648,maricopa.gov
649,klaviyo.com
650,fda.gov
651,bugsnag.com
652,w3schools.com
653,xvideos.com
654,contentsquare.net
655,samsungapps.com
656,mega.nz
657,bluehost.com
658,temu.com
659,impervadns.net
660,attn.tv
661,dns.com
662,contextweb.com
663,sentinelone.net
664,nflxvideo.net
665,spov-msedge.net
666,viber.com
667,mediafire.com
668,okta.com
669,name.com
670,hbr.org
671,ovscdns.net
672,bitdefender.com
673,amazon.fr
674,everesttech.net
675,oath.cloud
676,pornhub.com
677,amazon.ca
678,bluekai.com
679,ttoverseaus.net
680,yimg.com
681,beeline.ru
682,nintendo.com
683,dns-shop.ru
684,ohthree.com
685,douyincdn.com
686,coinmarketcap.com
687,usda.gov
688,google.com.mx
689,investopedia.com
690,sagepub.com
691,33across.com
692,spaceweb.pro
693,udemy.com
694,nationalgeographic.com
695,google.com.tr
696,google.com.tw
697,samsungacr.com
698,service.gov.uk
699,bytetcdn.com
700,cdnbuild.net
701,unesco.org
702,yximgs.com
703,shein.com
704,bandcamp.com
705,docker.com
706,telegram.org
707,gumgum.com
708,tremorhub.com
709,bestbuy.com
710,erome.com
711,cambridge.org
712,youku.com
713,allaboutcookies.org
714,zillow.com
715,xiaomi.net
716,ttdns2.com
717,dbankcloud.com
718,swrve.com
719,usgovcloudapi.net
720,w55c.net
721,themeforest.net
722,hostgator.com.br
723,shopee.co.id
724,ieee.org
725,fiverr.com
726,lemonde.fr
727,kickstarter.com
728,mirtesen.ru
729,paloaltonetworks.com
730,usps.com
731,people.com
732,1rx.io
733,huffpost.com
734,xbox.com
735,ioam.de
736,rbc.ru
737,mailchi.mp
738,bankofamerica.com
739,chaturbate.com
740,mixpanel.com
741,tencent-cloud.net
742,business.site
743,jotform.com
744,apigee.net
745,ifood.com.br
746,cdnhwc1.com
747,onlyfans.com
748,fast.com
749,namebrightdns.com
750,steamstatic.com
751,a-mo.net
752,networkadvertising.org
753,me.com
754,cdnvideo.ru
755,pbs.org
756,upwork.com
757,princeton.edu
758,kargo.com
759,savvis.net
760,aniview.com
761,ssacdn.com
762,awsglobalaccelerator.com
763,ks-cdn.com
764,google.cn
765,amazon.es
766,airbnb.com
767,sitescout.com
768,mgid.com
769,rfihub.com
770,stickyadstv.com
771,news.com.au
772,heytapdl.com
773,fedex.com
774,gandi-ns.fr
775,xnxx.com
776,fb.me
777,ebay.co.uk
778,redhat.com
779,change.org
780,intentiq.com
781,lefigaro.fr
782,ipredictive.com
783,norton.com
784,hm.com
785,t-online.de
786,krxd.net
787,imcmdb.net
788,ssl-images-amazon.com
789,appier.net
790,allegro.pl
791,whitehouse.gov
792,adjust.com
793,phicdn.net
794,turn.com
795,iso.org
796,indexww.com
797,amazon.in
798,amazon.it
799,samsungosp.com
800,rings.solutions
801,bootstrapcdn.com
802,brave.com
803,spot.im
804,epa.gov
805,lowes.com
806,lenovo.com
807,hilton.com
808,discordapp.com
809,shopee.com.br
810,ameblo.jp
811,miwifi.com
812,rapid7.com
813,unrulymedia.com
814,churnzero.net
815,llnwi.net
816,360.cn
817,chartboost.com
818,statcounter.com
819,onetag-sys.com
820,rspamd.com
821,tp-link.com
822,eporner.com
823,heytapmobile.com
824,kohls.com
825,githubusercontent.com
826,markmonitor.com
827,netgear.com
828,conicet.gov.ar
829,ibyteimg.com
830,exelator.com
831,primevideo.com
832,seznam.cz
833,yellowblue.io
834,worldbank.org
835,dyingbirds.com
836,browser-intake-datadoghq.com
837,chartbeat.net
838,bild.de
839,thesun.co.uk
840,gitlab.com
841,firefox.com
842,daum.net
843,dreamhost.com
844,usnews.com
845,firebaseio.com
846,mwbsys.com
847,disneyplus.com
848,state.gov
849,ys7.com
850,connatix.com
851,globalsign.com
852,tribalfusion.com
853,mgts.ru
854,canonical.com
855,nypost.com
856,immunet.com
857,myqcloud.com
858,azure-devices.net
859,umich.edu
860,genius.com
861,dns.ne.jp
862,columbia.edu
863,heylink.me
864,vmware.com
865,service-now.com
866,economist.com
867,arcgis.com
868,springserve.com
869,vkontakte.ru
870,splashtop.com
871,repubblica.it
872,sonobi.com
873,unpkg.com
874,pendo.io
875,recaptcha.net
876,jimdo.com
877,bdydns.com
878,cloudflareinsights.com
879,segment.io
880,pccc.com
881,macys.com
882,clever.com
883,sectigo.com
884,wikihow.com
885,biblegateway.com
886,xerox.com
887,vivoglobal.com
888,discogs.com
889,costco.com
890,ya.ru
891,deloitte.com
892,ad.gt
893,btloader.com
894,avito.ru
895,adgrx.com
896,synology.com
897,xfinity.com
898,ancestry.com
899,hotmail.com
900,ebay.de
901,businesswire.com
902,cookiedatabase.org
903,schwab.com
904,1drv.com
905,cbc.ca
906,mckinsey.com
907,mparticle.com
908,samsungcloudsolution.net
909,sharethis.com
910,quickconnect.to
911,typeform.com
912,mediavine.com
913,apnews.com
914,onet.pl
915,akismet.com
916,amazon.com.br
917,spotifycdn.com
918,redd.it
919,onesignal.com
920,vkuser.net
921,dnsv1.com
922,adroll.com
923,ubi.com
924,tiktokv.us
925,atlassian.net
926,tiqcdn.com
927,postrelease.com
928,flurry.com
929,corriere.it
930,googlezip.net
931,theconversation.com
932,elmundo.es
933,rackspaceclouddb.com
934,innovid.com
935,asos.com
936,si.com
937,va.gov
938,2gis.com
939,cdnhwc2.com
940,simpli.fi
941,rayjump.com
942,nba.com
943,wp.pl
944,weforum.org
945,character.ai
946,psychologytoday.com
947,perfectdomain.com
948,smartthings.com
949,ign.com
950,flipkart.com
951,mmcdn.com
952,ubnt.com
953,quizlet.com
954,4dex.io
955,twitchcdn.net
956,plex.tv
957,nic.do
958,coingecko.com
959,pikabu.ru
960,eepurl.com
961,bol.com
962,skroutz.gr
963,francetvinfo.fr
964,bytefcdn.com
965,xserver.jp
966,utorrent.com
967,mdpi.com
968,redditstatic.com
969,kaspi.kz
970,pexels.com
971,newyorker.com
972,pusher.com
973,arxiv.org
974,notamedia.ru
975,mozaws.net
976,chartbeat.com
977,vidazoo.com
978,withgoogle.com
979,immedia-semi.com
980,amazon.com.au
981,agoda.com
982,openstreetmap.org
983,bidmachine.io
984,binance.com
985,pixiv.net
986,byteoversea.com
987,interia.pl
988,socdm.com
989,classlink.com
990,spankbang.com
991,ironsrc.mobi
992,www.gov.br
993,split.io
994,sportskeeda.com
995,youronlinechoices.com
996,plesk.com
997,creditkarma.com
998,agora.io
999,oculus.com
1000,plos.org
