2000,loopme.me
3000,spotim.market
4000,hbs.edu
5000,bhg.com
6000,worldstarhiphop.com
7000,huedatastore.com
8000,tokyo-sports.co.jp
9000,988lifeline.org
10000,kolkataff.fun
11000,logitechg.com
12000,udemycdn.com
13000,doh.pub
14000,dnse0.com
15000,darkreading.com
16000,wadax-sv.jp
17000,merckmanuals.com
18000,harpers.org
19000,4gamer.net
20000,mangatown.com
21000,guardingvisionru.com
22000,videos-zoofilia.com
23000,keonhacai5.top
24000,tobii.com
25000,routeviews.org
26000,wbez.org
27000,engie.fr
28000,acertb.com
29000,trinet.com
30000,incometaxgujarat.org
31000,monetizer101.com
32000,ast-innovation.ru
33000,fair.org
34000,enjin.com
35000,mttnow.com
36000,usm.my
37000,tds.bid
38000,cradlepoint.com
39000,marketbusinessnews.com
40000,cloudplatform.fi
41000,plat.fi
42000,sfist.com
43000,crossword-solver.io
44000,vfghe.com
45000,chub.ai
46000,superteacherworksheets.com
47000,seaofthieves.com
48000,heownouncillor.com
49000,mappls.com
50000,localsyr.com
51000,cybcode.net
52000,mobil.com
53000,aroma-zone.com
54000,dailynayadiganta.com
55000,amplimed.com.br
56000,theyworkforyou.com
57000,ssi.com.vn
58000,wwewlxdako.net
59000,paddypower.it
60000,clubessential.com
61000,buhl.de
62000,dattoweb.com
63000,fiskerinc.com
64000,pawrade.com
65000,fuckhardclips.com
66000,flowsense.net
67000,johnshopkins.edu
68000,cibeg.com
69000,rapgenius.com
70000,pg21.ru
71000,awsdns-cn-38.com
72000,okusurinavi.shop
73000,nyugat.hu
74000,moya-semya.ru
75000,ilimnet.ru
76000,academie-francaise.fr
77000,mandy.com
78000,beetux.com
79000,laredoute.it
80000,mobileverso.com.br
81000,moneta.cz
82000,bitrix24site.ru
83000,xnxx123.net
84000,cyberresilience.io
85000,neko-hentai.net
86000,misterrunning.com
87000,indianxxxbf.com
88000,podari-zhizn.ru
89000,spectr-sb116.ru
90000,only-znakomstva.com
91000,gamewatcher.com
92000,gerberchildrenswear.com
93000,ipasgo.go.gov.br
94000,uberlandia.mg.gov.br
95000,delhihighcourt.nic.in
96000,scaledagile.com
97000,theacademicpapers.co.uk
98000,charmfling.com
99000,pskw.com
100000,bluesip.net
101000,qubic.li
102000,iress.co.uk
103000,corp.life
104000,omp.ru
105000,kitakyushu.lg.jp
106000,gnpge.com
107000,onerpm.com
108000,hagel-shop.de
109000,hp-mns.com
110000,turismoroma.it
111000,eoi.es
112000,oh100.com
113000,searchy.biz
114000,dzrt.com
115000,loose-gene.com
116000,optasports.com
117000,hookupguru.com
118000,cccd.edu
119000,ridicdn.net
120000,pibig.info
121000,xvidiu.pro
122000,saga.lg.jp
123000,rastrnet.ru
124000,wikijm.com
125000,rmu.edu
126000,budgetyourtrip.com
127000,duoprime.xyz
128000,thecloudwebsiteserver.com
129000,staffordshire.gov.uk
130000,blossoms.com
131000,onlinetopchoice.com
132000,korrelate.net
133000,snblymm.com
134000,3sktr.vip
135000,pandi.or.id
136000,lottovip2023.com
137000,uwtsd.ac.uk
138000,ligatotomega.com
139000,improd.top
140000,monster-it.net
141000,sunriseseniorliving.com
142000,gruv.com
143000,basicincome.org
144000,miinps.com
145000,idc.ac.il
146000,fishpond.com.au
147000,gflex.nl
148000,cancercouncil.com.au
149000,mazucdn.com
150000,r34porn.net
151000,elevationchurch.org
152000,dermaniaplus.com
153000,nea.org.np
154000,nimiq.agency
155000,e-kamone.com
156000,jetfilm.cam
157000,telekom-mms.com
158000,ishigaki.co.jp
159000,moola.market
160000,akson.ru
161000,stats-tracker.net
162000,ylmmuy.com
163000,pierreherme.com
164000,mostbethu.net
165000,spears.top
166000,frenet.com.br
167000,hindiyoupornx.com
168000,wiz.money
169000,motivtelecom.ru
170000,goodao.net
171000,redeunna.com.br
172000,climatepolicyinitiative.org
173000,loket.nl
174000,add123.com
175000,caci.dz
176000,airdesign.in
177000,innodata-isogen.com
178000,deeprootedstranded.com
179000,xn--m7r726cwtj.cn
180000,thefancy.com
181000,egitana.pt
182000,fauna-flora.org
183000,indahonline.com
184000,poconomountains.com
185000,publinet.it
186000,socaseiras.com.br
187000,razyboard.com
188000,kenhvn2.com
189000,unboxdiaries.com
190000,arto-usolie.ru
191000,nodestake.top
192000,darklite.ru
193000,nicesrv.de
194000,verben10.com
195000,hope.ac.uk
196000,jade-hs.de
197000,gountung88d.xyz
198000,govzw.com
199000,picsrv.net
200000,dianxiatrads.com
201000,wigmore-hall.org.uk
202000,sunstar.com
203000,simplelogin.io
204000,din-server.dk
205000,rtbuzz.net
206000,align.com
207000,koizumi-onlineshop.jp
208000,fut.uz
209000,lnfcu.com
210000,nbb-cdn.de
211000,klassekampen.no
212000,catalogos365.com
213000,usabilityhub.com
214000,betclic.bj
215000,mammyup.com
216000,w2bet.net
217000,farestart.org
218000,tol.it
219000,cxalloy.com
220000,netpluz.sg
221000,atp.fm
222000,mappr.co
223000,hear-it.org
224000,nikkei.jp
225000,china-zrg.com
226000,mountainsteals.com
227000,faxvin.com
228000,luarmor.net
229000,herbalessencesla.com
230000,spi.uz
231000,growfinancial.org
232000,coinomi.com
233000,ccv.church
234000,retailtrends.nl
235000,refurbed.com
236000,verycdn.net
237000,etraveligroup.com
238000,zenra.net
239000,111tt.icu
240000,johnnie-o.com
241000,jjbearings.cn
242000,discoverlancaster.com
243000,laurenceking.com
244000,dorsten.de
245000,2040-parts.com
246000,rpfm.ru
247000,gloriafood.com
248000,painfulpleasures.com
249000,asdatyres.co.uk
250000,nbr.gov.bh
251000,topworking.vn
252000,csolve.net
253000,kindroid.ai
254000,abclegal.com
255000,simul-china.com
256000,karoo.com.br
257000,morden01.com
258000,mobiili.fi
259000,zooanimalsexporn.com
260000,sunworksnepal.com.np
261000,ionline.com.au
262000,clickthis.blog
263000,9hf.com
264000,hcmed.org
265000,englishonlinehelp.com
266000,daltan.hu
267000,webhaus.com.br
268000,fit4brain.com
269000,penneo.com
270000,rupt.dev
271000,jalizer.com
272000,ivbt.ru
273000,animesubvn.tv
274000,cctalk.com
275000,96nmdqufhz.com
276000,streameast2.com
277000,forceofnatureclean.com
278000,rb.net
279000,gry-planszowe.pl
280000,writingclasses.com
281000,shahrebours.com
282000,e-explorer.jp
283000,web-wings.net
284000,upfoot.in
285000,valorantpornhentai.com
286000,leakedbb.com
287000,linkeservices.com
288000,rewardcloud.net
289000,mcdonalds.com.ar
290000,littlecigogne.com
291000,adad.ir
292000,dnstech.ru
293000,inovacaotecnologica.com.br
294000,101espn.com
295000,b242ya.ru
296000,wichitafallstx.gov
297000,rhbtradesmart.com
298000,u16866.com
299000,gnanagharjane.com
300000,writingforums.org
301000,paris-arc-de-triomphe.fr
302000,atwonline.com
303000,january.com
304000,itovn.com.vn
305000,ctoy.com.cn
306000,cotdns.net
307000,drbrownsbaby.com
308000,tlfapparel.com
309000,justdating.net
310000,memozor.com
311000,minzdrav.uz
312000,nova1.net
313000,cravingtasty.com
314000,apk-download.co
315000,trinaturk.com
316000,mostbetoyna.ru
317000,slotozal-official.xyz
318000,totowuhan.com
319000,sojourncreed.life
320000,backabuddy.co.za
321000,ggcdncc65.shop
322000,osijek031.com
323000,truththeory.com
324000,casino-joy.click
325000,biodat.ru
326000,crealitycloud.cn
327000,jkcottonclub.com
328000,ester.ee
329000,ahanonline.com
330000,aksinet.net
331000,gamingdns.top
332000,agencedpc.fr
333000,vulkan-prestige.link
334000,livingston.com
335000,metapolar.hu
336000,belties.shop
337000,defamer.com
338000,learningcloud.me
339000,sabon.ro
340000,tennwireless.com
341000,king-vulcan.biz
342000,ejercito.mil.co
343000,abstractwebhost.com
344000,festive-lights.com
345000,myschoolsask.ca
346000,stealthgpt.ai
347000,aware3.net
348000,astons.com
349000,houseofstaunton.com
350000,bilgibizden10.com
351000,dev4dev.ru
352000,tnk12.gov
353000,royalsundaram.in
354000,avivare.com
355000,etsyhunt.com
356000,thereisadayforthat.com
357000,crapuleparis.com
358000,gigapower.com
359000,hostedns.com.au
360000,orsrika.co.il
361000,trainercentralsite.com
362000,kcg.ac.jp
363000,hotelclub.com
364000,soundtrapedusummit.com
365000,salezap.ru
366000,nisshin.com
367000,tiws.com.ar
368000,indiabiodiversity.org
369000,diarioinforme.com
370000,stop-ttip.org
371000,cruisesheet.com
372000,mccno.com
373000,antifilter.download
374000,hoa44trk.com
375000,secure-by-design.com
376000,easeus.fr
377000,viax.io
378000,dakotanames.com
379000,lumberliquidators.com
380000,usenet-fr.net
381000,aviator-mostbet-casino.ru
382000,fuku-e.com
383000,lgecloudapm.com
384000,olimp1g7w.xyz
385000,colombiawebs.net
386000,fts-foxnews.com
387000,hot-cartoon.com
388000,booksc.eu
389000,jbl.no
390000,sochifeya2.mobi
391000,fcdnipro.ua
392000,fclorient.bzh
393000,natlot.be
394000,bulletpointmountingsolutions.com
395000,glera.net
396000,asian-bondage.com
397000,icdsoft.com
398000,hazi.ro
399000,ube-yanagiya.co.jp
400000,cbscorporation.com
401000,biogossip.com
402000,datacenter-insider.de
403000,uiverse.io
404000,voxivo.com
405000,capital.com.ph
406000,jetgram.io
407000,themdc.org
408000,abude.ru
409000,viva64.com
410000,orca-88.space
411000,gtcocalcomp.com
412000,marvellover.com
413000,ktokyda.ru
414000,over-lap.co.jp
415000,assignmentpro.com
416000,moneycazino.com
417000,chinacars.com
418000,webnice.ru
419000,sopula.com
420000,mybusinesswebsite.com
421000,deadstate.org
422000,onlinedisclosures.co.uk
423000,rds.net.pk
424000,couponsherpa.com
425000,viatepigan.com
426000,duhoctrungquoc.vn
427000,josh.org
428000,inet-center.ru
429000,noldus.com
430000,planonsoftware.com
431000,vromansbookstore.com
432000,pushbulletusercontent.com
433000,scoutapp.ai
434000,preaching.com
435000,cy2hand.com
436000,mp3fitz.com
437000,ozcountrymile.com
438000,dotemu.com
439000,peach.ne.jp
440000,damaislot.org
441000,stateintestacylaws.com
442000,hypotheekshop.nl
443000,bcps.k12.md.us
444000,housekeep.com
445000,db-reisewunschzettel.de
446000,internetwines.com
447000,thedarkknightrises.com
448000,best-serial.com
449000,puv.fi
450000,todelete.com
451000,skincarebyalana.com
452000,reconditeprison.com
453000,atb7pokerdom.com
454000,hurma.work
455000,cybernetbc.ca
456000,streamready.in
457000,pica-resort.jp
458000,cardaccesproquick.sbs
459000,isetl.org
460000,perryproperty.co.nz
461000,brokestraightboys.com
462000,okrwmi.top
463000,pokerdom7p.com
464000,akita-bank.co.jp
465000,onlynut.net
466000,mottohub.com
467000,eldocasinoz.xyz
468000,miint.net
469000,tengtoolsusa.com
470000,holzland.de
471000,alcomag.ru
472000,internetmandns.com
473000,tcenet.net
474000,caixaconsorcio.com.br
475000,hnt.com.br
476000,nwxs19.com
477000,th-rms.co.uk
478000,naigai-gr.co.jp
479000,zhealthehr.com
480000,refpabxdce.top
481000,wnt.com.br
482000,onlinecasinohex.ca
483000,myotcstore.com
484000,critmc.net
485000,itotdel.info
486000,miarens.ir
487000,eldoradocasino-ljn.top
488000,ecobux.store
489000,brm.io
490000,webarena.com.au
491000,volkswagen.cz
492000,adobeposa.com
493000,gme.com
494000,gu84b.top
495000,qoshe.com
496000,flypass.com.co
497000,vulcano-official-slots.com
498000,jetcassiono-russia1.top
499000,delboniauriemo.com.br
500000,muzhiwan.com
501000,jet-cazino6.win
502000,webadepthost.co.uk
503000,refpaxmzuq.top
504000,biz.com
505000,rajantwanabashu.com.np
506000,watchseries8.to
507000,wgauradio.com
508000,kvif-fresh-casino.top
509000,magar.cl
510000,admiralx-ksq.top
511000,admiralx-psp.top
512000,faceprep.in
513000,emedixus.com
514000,trcot.net
515000,deals75.com
516000,funkelfaden.de
517000,foyer.lu
518000,fizabet.com
519000,cotedazur.jp
520000,greenwich9.ru
521000,kukudm.com
522000,hendrickhealth.org
523000,intergeo.de
524000,icap.com
525000,sgr.nl
526000,aeddinc.org
527000,spreeradio.de
528000,rola.vip
529000,fnafgo.com
530000,straightpress.jp
531000,kokote.fr
532000,freshcasino-rezak.top
533000,eldoradocasino-ast.top
534000,piccin.jp
535000,tucanos.com
536000,brentfordtw8.com
537000,khongcogidau.top
538000,einvoice.vn
539000,dohler.com.br
540000,admeca.kr
541000,colgatepalmolive.it
542000,geometroit.com
543000,link-tap.com
544000,paranix.eu
545000,srv-it.de
546000,wxw.media
547000,tena.com.br
548000,desertcart.co.uk
549000,gtarp.ru
550000,bescom.co.in
551000,m37auction.com
552000,tunbridgewells.gov.uk
553000,advantech.com.cn
554000,laoistoday.ie
555000,multipledns.com
556000,lustflesh.com
557000,jiareba.com
558000,wildclient.ru
559000,mailtwo.com
560000,luckycola.bet
561000,admiralx-rjff.buzz
562000,soliditet.se
563000,jxgydj.com
564000,sanmishahost.com
565000,adveo.com
566000,laihoana.com
567000,wholesale-electrical-supply.com
568000,hcqp9999.com
569000,gzmiaoying.com
570000,shorelinewa.gov
571000,crystalradio.cn
572000,gotestprep.com
573000,vulkanplatinum-sloty.click
574000,24jam.buzz
575000,nungkai.com
576000,tameteo.nl
577000,voteriders.org
578000,icoi.org
579000,iikaeru.com
580000,frank-casinoo.club
581000,saowz.com
582000,maxbets-sports-betting.club
583000,hipatiapress.com
584000,goulile.com
585000,kirche-bremen.de
586000,vnxoso.gg
587000,yidaxinyuan.com
588000,bgbls.com
589000,bulgartel.bg
590000,policeauctionscanada.com
591000,elga.gr
592000,melbet-app.site
593000,meixiang720.com
594000,rangecast.com
595000,centurionim.com
596000,vavada-zerkalo8.buzz
597000,130slottica.com
598000,melbet67217.com
599000,sctkxjc.com
600000,yagihashi.co.jp
601000,color.io
602000,hamafarin.ir
603000,modelosimples.com.br
604000,safahome.com
605000,xemphim.app
606000,s5y.io
607000,navarracapital.es
608000,clubs-leo.xyz
609000,irsss.ca
610000,stavklad.ru
611000,cdhich.com
612000,vendetuarma.com
613000,xn----btbtmnjn.xn--p1ai
614000,azino777-d2i2x.icu
615000,233joycasino.top
616000,loaney.es
617000,77-azinomobile.ru
618000,deginvest.de
619000,seikun.co.jp
620000,newacademic.net
621000,cardinalcorp.com
622000,zhixiangtongtao.com
623000,aimst.edu.my
624000,alphega-farmacie.ro
625000,zsjjrhy.com
626000,gold-miners.site
627000,vulcan-mobile.club
628000,50reefs.org
629000,penggeshuofang.com
630000,ayybyyy.com
631000,thuuz.com
632000,stoodnt.com
633000,hnsywlkj.com
634000,b1g.one
635000,theunionleader.com
636000,emma-sleep.com.ph
637000,easytechhome.com
638000,thepornbuzz.com
639000,zhilingcy.com
640000,bathabbey.org
641000,bornete.com
642000,nhathuocviet.vn
643000,orologidiclasse.com
644000,wunderkopf.de
645000,fonbet-a78c3.com
646000,goleapfrog.com
647000,riobet-141.ru
648000,limak.az
649000,insidethevatican.com
650000,kramp.ru
651000,teror.es
652000,pokerdomked.top
653000,knifeinformer.com
654000,silkair.com
655000,efusionworld.net
656000,yshghs.com
657000,aquarium.bg
658000,thekitchenemporiumanderson.com
659000,pokerdom-ru1.fun
660000,pointonenav.com
661000,mixcar.ru
662000,attitash.com
663000,pornokyb.com
664000,booicasino-sdp.top
665000,rocket-inc.net
666000,salomaozoppi.com.br
667000,zxtfz.com
668000,nanjingyoulin.com
669000,blackstonepublishing.com
670000,shurenyb.com
671000,libnauka.ru
672000,kelas.work
673000,soccer-history.com
674000,uzbek-porn.top
675000,lordserial.casa
676000,yammienoob.co
677000,superplayer-club.com
678000,thomashinder.com
679000,reelproductionshd.com
680000,yme.gr
681000,cs-go-go.top
682000,jotowo.com
683000,noamazonaseassim.com
684000,xtspost.com
685000,sansec.io
686000,nanjiayanke.com
687000,ty-textiles.com
688000,zincring.com
689000,lucrosa2023.xyz
690000,arcblock.io
691000,ximxim.com
692000,latigi.com
693000,twthchina.com
694000,netwatch360.com
695000,pinupoficialnoecasinotop777.win
696000,shunxishun.com
697000,azinoslot.tech
698000,gangshanghuaqipai.com
699000,leonbets-mlv8.site
700000,bee-ev.de
701000,atlantamission.org
702000,southseas.com
703000,sol44.casino
704000,7k-casino-ru.online
705000,russia-today.ru
706000,pinup-officialniisite13win.win
707000,szshanzhe.com
708000,rating-casino183-2023.win
709000,xinronghuagong.com
710000,cristalinedejour.fr
711000,pokerdom-cno5.top
712000,bayernwelle.de
713000,tns.co
714000,kingjohnnie.live
715000,eureka-24-08.top
716000,deventrade.com
717000,friendshiptrivia.com
718000,alutech.ru
719000,duoduojupin.com
720000,pornoskazka9.org
721000,ld-333.com
722000,booseries.online
723000,lyydyl.com
724000,ldmk.co.jp
725000,clubsgoldi.xyz
726000,smclassiccars.com
727000,babobotanicals.com
728000,roblox.ge
729000,eldoradocasino-kti.top
730000,capt.org.uk
731000,seriousfactory.com
732000,kokshetau.asia
733000,wunderlabel.com
734000,biletwise.com
735000,pin-up-casino-sp9.top
736000,fangirlish.com
737000,maxicom.cz
738000,ice-casino.it
739000,diveboard.com
740000,otora.info
741000,rollingriver.com
742000,brandizzi.com
743000,saimoveis.com.br
744000,mono-iki.com
745000,fuukpusi.com
746000,wowbabel.com
747000,bezdepswin.com
748000,devcgroup.com
749000,terrancle.net
750000,nsunfintech.com
751000,leonbets-mlv10.site
752000,starkautosales.com
753000,region10.org
754000,borisboroda.ru
755000,votejohndantzler.com
756000,guitarkit.shop
757000,e-laziostore.it
758000,parasol.ua
759000,chief-floraldesigner.com
760000,asnhosting.com
761000,lvdaguangg.com
762000,sdhuesca.es
763000,iatserv.com
764000,datspush.com
765000,facuminas.com.br
766000,omf.net.au
767000,metodist.ru
768000,adidas.in
769000,tsc.k12.in.us
770000,hwhost.in
771000,uzio.com
772000,twitscoop.com
773000,agentcubed.com
774000,ag-co.com
775000,clayelectric.com
776000,gazzettadisiena.it
777000,unclaimedfreightfurniture.com
778000,cryptotrials.care
779000,xlmoto.de
780000,okuma.kg
781000,mtsdvorana.rs
782000,rationalacoustics.com
783000,gruppocarige.it
784000,dontmesswithmama.com
785000,hnxueba.com
786000,clicknetbrasil.com.br
787000,ceccarbusinessmagazine.ro
788000,ameliorated.io
789000,harmankardon.com.br
790000,xxxproud.com
791000,seven7.net.br
792000,excelerondesigns.com
793000,1666-1646.com
794000,9ten.live
795000,agrosiaa.com
796000,alnqabialjanubi.com
797000,anubis-tierbestattungen.de
798000,arwin.com
799000,autozoneksa.com
800000,barodarrb.co.in
801000,betapp007.xyz
802000,biuro.lt
803000,brandlive.net
804000,cali.org.tw
805000,cccp13.fr
806000,cic-mobile.fr
807000,codelearn.cat
808000,cpp.ne.jp
809000,dandelionmedia-fans.com
810000,dezzato.com.br
811000,dolar.pe
812000,e-kruk.pl
813000,elcitur.com.tr
814000,erationcard.in
815000,extremerangeoutfitters.com
816000,fibes.gr
817000,formacioncontinua.mx
818000,g2gbm.com
819000,ghtiket.solutions
820000,gramfree.net
821000,handsman.co.jp
822000,hindinibandh.in
823000,hungarianlegends.hu
824000,impotarja.com
825000,iqmetrics.org
826000,jcjucheng.com.tw
827000,justlaw.com.tw
828000,kenjisugimoto.com
829000,koi88login.com
830000,laboratoriopretti.com.br
831000,lentesdecontacto365.es
832000,localsonly.com.ar
833000,lyes.tw
834000,mantigor.sch.id
835000,med-atlant.if.ua
836000,micredijamar.com
837000,modexastyl.cz
838000,mssc.co.in
839000,myvetshop.fr
840000,neweracap.com.my
841000,ns-com.net
842000,omronhealthcare.com.tw
843000,overcube.com
844000,patuljak.me
845000,photogov.com
846000,pokeka-atari.jp
847000,primenews.press
848000,qexch.com
849000,realindiansexclips.com
850000,rioschools.org
851000,saabwisonline.com
852000,savemore.com.tw
853000,sesp.mt.gov.br
854000,shyam777.in
855000,slotfnegame.com
856000,spa-lyon.org
857000,stopandgoal.net
858000,sweat.jp
859000,tcpharyana.gov.in
860000,thefaceshop.in
861000,toeat.ca
862000,tribu.one
863000,ucuzpin.com
864000,usebemtevi.com
865000,vidaplenaysalud.site
866000,w8shippingua.com
867000,wise.live
868000,xnxxhdvideo.com
869000,zaidimai.lt
870000,mecalac.com
871000,superformance.com
872000,ajanszero.com
873000,cdshuangsheng.com
874000,cloud-for-all.com
875000,wooshinchemtech.co.kr
876000,fluoxetine.charity
877000,poig.gov.pl
878000,aklasbelafast.com
879000,firebrno.cz
880000,mega-vulkan-official.com
881000,immosquare.com
882000,ahlijian.com
883000,lmginsurance.co.th
884000,shemayisrael.com
885000,omhsi1.com
886000,americanboardortho.com
887000,doublefocus.net
888000,frendscazino.shop
889000,infinitelifeelectric.com
890000,happybirthdaymsg.com
891000,netdiffusion.com
892000,prorobat.com
893000,nhahatcheovietnam.vn
894000,natura-sciences.com
895000,onlineprestige-vulkan.com
896000,howolddoyoulook.com
897000,booicasino-lxh.top
898000,hndianjiang.com
899000,victorpetfood.com
900000,timestelegram.com
901000,online-tablet24.ru
902000,hookyoup.com
903000,wikistero.com
904000,vulkancasinoy12.xyz
905000,primentos6960.com
906000,coscup.org
907000,corvina.io
908000,reconyx.com
909000,faststart.ai
910000,sv288.com
911000,roxcasino190.com
912000,due777.co
913000,slotozalonliney9.xyz
914000,leapp.top
915000,azino777casino-cro.ru
916000,gotfrag.com
917000,marathonnn.ru
918000,cassino-gurrru.com
919000,remodeladvisor.com
920000,churchlawandtax.com
921000,tdelga.ru
922000,roxcasino460.com
923000,azino777playazino.ru
924000,spinamba45.com
925000,zxcvn.xyz
926000,spadellandia.it
927000,undernylon.com
928000,antisocial.io
929000,coincapital.vip
930000,66zcp.com
931000,minipoliskids.ru
932000,letenkyzababku.sk
933000,eabzhvm.cn
934000,vnsky.vn
935000,cdbocheng.com
936000,darkproject.ru
937000,beasze.live
938000,govmail.ke
939000,egubjrc.cn
940000,letysoft.sk
941000,directory-daddy.com
942000,bizeeinternet.co.uk
943000,dragnetnigeria.com
944000,casinofreespins29.ru
945000,pokerdom26fd.ru
946000,landesbibliothek.at
947000,geedorah.com
948000,agrovision.nl
949000,banynyc.com
950000,tywhh.com
951000,wn548.cn
952000,pedidosya.cr
953000,vavadargn.com
954000,360.io
955000,template-toolkit.org
956000,compliancecoordinator.org
957000,hischannel.com
958000,biotechnologia.pl
959000,slottica-casino.net
960000,4it.com.au
961000,disastorefront.com
962000,epicwow.com
963000,wheretherebedragons.com
964000,maxbetslots-iqg.buzz
965000,pinup-ru-2-amp-23-12-6.com
966000,iro63.ru
967000,fulianx.cn
968000,topslotsite.com
969000,cherryterrace.co.jp
970000,desktopwallpapers.ru
971000,paypal-takeabreak.com
972000,mercerbell.com.au
973000,ramhal.com
974000,jetteknoloji.com
975000,eccontainer.cn
976000,qbsol.net
977000,bezdep-casinos1.space
978000,flipflopflyin.com
979000,250.com.au
980000,iscqg.cn
981000,kubatana.net
982000,wl258.cn
983000,grimace.life
984000,jellice-cart.com
985000,forenverzeichnis.com
986000,mael-tv.online
987000,serenitycoast.com
988000,tjluyang.com
989000,a2btrack.com
990000,fcgcfw.cn
991000,incrementx.com
992000,ip-135-125-188.eu
993000,huismarseille.nl
994000,wlkdreamx.com
995000,loginhood.io
996000,myubi.tv
997000,champion-casino-rwd.buzz
998000,xn--e02bi23c.biz
999000,zerkalo-playfortuna.ru
1000000,jgshh.de
